site_id,capacity_kw,n_positive_rows
ID_1,3.294,52570
ID_10,3.230023,52599
ID_100,5.912,52602
ID_101,3.19207,52599
ID_102,3.47818,52583
ID_103,4.483993,52602
ID_104,8.022,52600
ID_105,3.708102,52591
ID_106,5.548563,52573
ID_107,2.941984,52602
ID_108,3.566,52602
ID_109,3.662,52554
ID_11,3.314,52601
ID_110,4.172703,52593
ID_111,4.434,52579
ID_112,3.760562,52587
ID_113,3.02,52589
ID_114,5.994133,52588
ID_115,2.220328,52585
ID_116,2.732023,52599
ID_117,2.256219,52579
ID_118,2.914492,52585
ID_119,3.17,52583
ID_12,2.710023,52599
ID_120,5.502,52601
ID_121,4.1,48864
ID_122,6.03,52588
ID_123,2.494469,52578
ID_124,5.206,52600
ID_125,3.062,52602
ID_126,4.4,52595
ID_127,3.120101,52591
ID_128,3.596117,52589
ID_129,4.364,52595
ID_13,4.758,52594
ID_130,3.94007,52599
ID_131,5.808445,52586
ID_132,1.484,52596
ID_133,4.746016,52600
ID_134,8.020438,52590
ID_135,1.67,52602
ID_136,1.562,52585
ID_137,3.784,52601
ID_138,4.715992,52602
ID_139,4.06,52602
ID_14,2.978,52599
ID_140,2.852328,52585
ID_141,6.044,52593
ID_142,3.488,52596
ID_143,6.386078,52597
ID_144,2.368,52601
ID_145,3.85,52598
ID_146,2.606,52596
ID_147,7.1,52583
ID_148,4.420266,52588
ID_149,4.876375,52598
ID_15,1.46,52567
ID_150,1.594,51172
ID_151,3.25,52597
ID_152,7.254266,52568
ID_153,2.209992,52602
ID_154,3.198117,52589
ID_155,1.664,52577
ID_156,5.5,52599
ID_157,4.452,52593
ID_158,3.266,52547
ID_159,6.876266,52588
ID_16,4.222008,52600
ID_160,4.962,52575
ID_161,5.301266,52580
ID_162,3.314,52601
ID_163,2.174,52591
ID_164,3.008016,52600
ID_165,2.700234,52597
ID_166,4.626,52584
ID_167,3.820172,52584
ID_168,3.864078,52597
ID_169,2.412,52596
ID_17,5.704,52601
ID_170,2.606016,52600
ID_171,2.962,52422
ID_172,3.29818,52583
ID_173,3.34,52592
ID_174,2.365992,52602
ID_175,6.746156,52598
ID_176,3.760094,52598
ID_177,3.926,52601
ID_178,3.000625,52570
ID_179,3.426,52589
ID_18,2.640859,52584
ID_180,3.694203,52581
ID_181,4.126,52602
ID_182,1.926,52597
ID_183,2.222,52598
ID_184,3.066,52547
ID_185,5.062,52601
ID_186,1.736102,52591
ID_187,1.718281,52594
ID_188,7.617992,52602
ID_189,4.324,52599
ID_19,2.45,52558
ID_190,3.598,52592
ID_191,5.576,50501
ID_192,4.228,52602
ID_193,3.916141,52596
ID_194,4.490007,52600
ID_195,3.562211,52580
ID_196,2.742047,52599
ID_197,5.14,52592
ID_198,5.3,52512
ID_199,4.092,52598
ID_2,3.840789,48708
ID_20,5.976,52594
ID_200,5.646,52601
ID_201,6.322023,52600
ID_202,2.548563,52545
ID_203,4.64225,52576
ID_204,4.418781,52593
ID_205,4.412,52601
ID_206,4.132773,52575
ID_207,7.006008,52600
ID_208,2.686219,52579
ID_209,3.61818,52583
ID_21,6.35814,52518
ID_210,5.842844,52559
ID_211,2.634828,52560
ID_212,5.158,52598
ID_213,3.709984,52602
ID_214,3.826,52597
ID_215,4.212,52601
ID_216,2.42,52587
ID_217,4.32625,52595
ID_218,5.236,52595
ID_219,2.11,52598
ID_22,5.628,52600
ID_220,4.972,52596
ID_221,6.21,50678
ID_222,2.956063,52598
ID_223,4.7,52591
ID_224,3.35,52257
ID_225,3.506,52588
ID_226,3.388609,52591
ID_227,2.276352,52566
ID_228,4.959977,52602
ID_229,5.141961,50869
ID_23,3.079266,52538
ID_230,3.9,52589
ID_231,5.098,52601
ID_232,3.788,52530
ID_233,2.466047,52596
ID_234,3.296039,52597
ID_235,2.762656,52435
ID_236,3.188,52601
ID_237,4.276,52598
ID_238,2.838,52598
ID_239,2.438297,52586
ID_24,3.479992,52602
ID_240,2.618,52595
ID_241,2.532149,52586
ID_242,6.188094,52596
ID_243,6.354133,52588
ID_244,2.65,52599
ID_245,3.508,52571
ID_246,4.424101,52591
ID_247,3.014203,52581
ID_248,5.408,52412
ID_249,3.754148,52586
ID_25,6.226,52588
ID_250,3.766,52592
ID_251,5.912,52599
ID_252,2.324062,52598
ID_253,4.146062,52595
ID_254,6.554,52597
ID_255,6.178,52586
ID_256,6.766469,52592
ID_257,5.812023,52599
ID_258,3.028,52590
ID_259,2.001992,52602
ID_26,5.526,52602
ID_260,6.355977,47002
ID_261,3.368062,52595
ID_262,3.374,52600
ID_263,2.708,52602
ID_264,2.126016,52600
ID_265,3.064,52590
ID_266,4.0,46779
ID_267,5.314742,52527
ID_268,5.716,52600
ID_269,3.078,52601
ID_27,3.302141,52594
ID_270,2.904,52570
ID_271,3.942,52573
ID_272,2.522008,52600
ID_273,6.40407,52594
ID_274,3.744492,52585
ID_275,5.276,52600
ID_276,5.110148,52586
ID_277,4.616094,52598
ID_278,2.007984,52602
ID_279,4.738,52599
ID_28,4.463406,52578
ID_280,3.634094,52592
ID_281,3.232,52589
ID_282,3.212,52602
ID_283,2.972469,52589
ID_284,3.136,52601
ID_285,3.038,52600
ID_286,4.158,52589
ID_287,3.876375,52598
ID_288,3.726492,52594
ID_289,3.686,52579
ID_29,3.204187,52582
ID_290,3.502,52553
ID_291,1.702039,52597
ID_292,4.080688,52523
ID_293,8.204,52403
ID_294,4.212078,52593
ID_295,2.78,52592
ID_296,3.194,52594
ID_297,3.984547,52593
ID_298,1.668,52602
ID_299,6.554383,52563
ID_3,2.35,52567
ID_30,2.46,52547
ID_300,5.188164,52585
ID_31,4.762,52602
ID_32,3.024,52593
ID_33,6.458,52601
ID_34,4.212,52574
ID_35,5.204,52601
ID_36,2.188,52602
ID_37,4.598953,52596
ID_38,4.226,52547
ID_39,3.714,52546
ID_4,3.946328,52590
ID_40,2.772,52599
ID_41,2.801992,52602
ID_42,3.988,52427
ID_43,3.646,52593
ID_44,3.922,52598
ID_45,3.544031,52598
ID_46,3.574117,52589
ID_47,3.932062,52595
ID_48,4.288,52595
ID_49,6.374211,52599
ID_5,2.775265,50359
ID_50,2.576141,52599
ID_51,3.571992,52602
ID_52,4.356,52601
ID_53,3.502,52601
ID_54,4.470187,52582
ID_55,4.919984,52602
ID_56,5.949922,52602
ID_57,5.776,52575
ID_58,5.382,52602
ID_59,3.972078,52593
ID_6,3.684,52601
ID_60,5.302172,52584
ID_61,4.86,52594
ID_62,8.811976,52602
ID_63,2.612547,52593
ID_64,2.788133,52588
ID_65,4.446391,52562
ID_66,2.076,52602
ID_67,2.678203,52581
ID_68,2.650094,52592
ID_69,3.674742,52586
ID_7,2.644,52600
ID_70,6.538531,52559
ID_71,3.224,52599
ID_72,2.338234,52597
ID_73,2.480078,52593
ID_74,5.568344,52584
ID_75,5.740234,52489
ID_76,3.15,52589
ID_77,3.220187,52595
ID_78,5.4,52600
ID_79,4.312047,52600
ID_8,7.588,52592
ID_80,4.262,52602
ID_81,2.408,52593
ID_82,6.921992,52602
ID_83,3.278,52588
ID_84,4.634,52560
ID_85,8.348,52601
ID_86,5.8,52595
ID_87,2.021984,52602
ID_88,2.001969,52602
ID_89,4.53218,52583
ID_9,2.989984,49603
ID_90,1.694008,52600
ID_91,4.930687,52532
ID_92,3.132,52595
ID_93,4.576469,52593
ID_94,3.670305,52591
ID_95,4.176,52594
ID_96,6.806,52601
ID_97,2.962,52601
ID_98,2.768023,52599
ID_99,2.168703,52566
