site_id,split,n_rows,start,end
ID_1,test,7892,2013-01-17 14:00:00,2013-06-30 23:30:00
ID_1,train,36825,2010-07-01 00:00:00,2012-08-06 04:00:00
ID_1,val,7891,2012-08-06 04:30:00,2013-01-17 13:30:00
ID_10,test,7892,2013-01-17 14:00:00,2013-06-30 23:30:00
ID_10,train,36825,2010-07-01 00:00:00,2012-08-06 04:00:00
ID_10,val,7891,2012-08-06 04:30:00,2013-01-17 13:30:00
ID_100,test,7892,2013-01-17 14:00:00,2013-06-30 23:30:00
ID_100,train,36825,2010-07-01 00:00:00,2012-08-06 04:00:00
ID_100,val,7891,2012-08-06 04:30:00,2013-01-17 13:30:00
ID_101,test,7892,2013-01-17 14:00:00,2013-06-30 23:30:00
ID_101,train,36825,2010-07-01 00:00:00,2012-08-06 04:00:00
ID_101,val,7891,2012-08-06 04:30:00,2013-01-17 13:30:00
ID_102,test,7892,2013-01-17 14:00:00,2013-06-30 23:30:00
ID_102,train,36825,2010-07-01 00:00:00,2012-08-06 04:00:00
ID_102,val,7891,2012-08-06 04:30:00,2013-01-17 13:30:00
ID_103,test,7892,2013-01-17 14:00:00,2013-06-30 23:30:00
ID_103,train,36825,2010-07-01 00:00:00,2012-08-06 04:00:00
ID_103,val,7891,2012-08-06 04:30:00,2013-01-17 13:30:00
ID_104,test,7892,2013-01-17 14:00:00,2013-06-30 23:30:00
ID_104,train,36825,2010-07-01 00:00:00,2012-08-06 04:00:00
ID_104,val,7891,2012-08-06 04:30:00,2013-01-17 13:30:00
ID_105,test,7892,2013-01-17 14:00:00,2013-06-30 23:30:00
ID_105,train,36825,2010-07-01 00:00:00,2012-08-06 04:00:00
ID_105,val,7891,2012-08-06 04:30:00,2013-01-17 13:30:00
ID_106,test,7892,2013-01-17 14:00:00,2013-06-30 23:30:00
ID_106,train,36825,2010-07-01 00:00:00,2012-08-06 04:00:00
ID_106,val,7891,2012-08-06 04:30:00,2013-01-17 13:30:00
ID_107,test,7892,2013-01-17 14:00:00,2013-06-30 23:30:00
ID_107,train,36825,2010-07-01 00:00:00,2012-08-06 04:00:00
ID_107,val,7891,2012-08-06 04:30:00,2013-01-17 13:30:00
ID_108,test,7892,2013-01-17 14:00:00,2013-06-30 23:30:00
ID_108,train,36825,2010-07-01 00:00:00,2012-08-06 04:00:00
ID_108,val,7891,2012-08-06 04:30:00,2013-01-17 13:30:00
ID_109,test,7892,2013-01-17 14:00:00,2013-06-30 23:30:00
ID_109,train,36825,2010-07-01 00:00:00,2012-08-06 04:00:00
ID_109,val,7891,2012-08-06 04:30:00,2013-01-17 13:30:00
ID_11,test,7892,2013-01-17 14:00:00,2013-06-30 23:30:00
ID_11,train,36825,2010-07-01 00:00:00,2012-08-06 04:00:00
ID_11,val,7891,2012-08-06 04:30:00,2013-01-17 13:30:00
ID_110,test,7892,2013-01-17 14:00:00,2013-06-30 23:30:00
ID_110,train,36825,2010-07-01 00:00:00,2012-08-06 04:00:00
ID_110,val,7891,2012-08-06 04:30:00,2013-01-17 13:30:00
ID_111,test,7892,2013-01-17 14:00:00,2013-06-30 23:30:00
ID_111,train,36825,2010-07-01 00:00:00,2012-08-06 04:00:00
ID_111,val,7891,2012-08-06 04:30:00,2013-01-17 13:30:00
ID_112,test,7892,2013-01-17 14:00:00,2013-06-30 23:30:00
ID_112,train,36825,2010-07-01 00:00:00,2012-08-06 04:00:00
ID_112,val,7891,2012-08-06 04:30:00,2013-01-17 13:30:00
ID_113,test,7892,2013-01-17 14:00:00,2013-06-30 23:30:00
ID_113,train,36825,2010-07-01 00:00:00,2012-08-06 04:00:00
ID_113,val,7891,2012-08-06 04:30:00,2013-01-17 13:30:00
ID_114,test,7892,2013-01-17 14:00:00,2013-06-30 23:30:00
ID_114,train,36825,2010-07-01 00:00:00,2012-08-06 04:00:00
ID_114,val,7891,2012-08-06 04:30:00,2013-01-17 13:30:00
ID_115,test,7892,2013-01-17 14:00:00,2013-06-30 23:30:00
ID_115,train,36825,2010-07-01 00:00:00,2012-08-06 04:00:00
ID_115,val,7891,2012-08-06 04:30:00,2013-01-17 13:30:00
ID_116,test,7892,2013-01-17 14:00:00,2013-06-30 23:30:00
ID_116,train,36825,2010-07-01 00:00:00,2012-08-06 04:00:00
ID_116,val,7891,2012-08-06 04:30:00,2013-01-17 13:30:00
ID_117,test,7892,2013-01-17 14:00:00,2013-06-30 23:30:00
ID_117,train,36825,2010-07-01 00:00:00,2012-08-06 04:00:00
ID_117,val,7891,2012-08-06 04:30:00,2013-01-17 13:30:00
ID_118,test,7892,2013-01-17 14:00:00,2013-06-30 23:30:00
ID_118,train,36825,2010-07-01 00:00:00,2012-08-06 04:00:00
ID_118,val,7891,2012-08-06 04:30:00,2013-01-17 13:30:00
ID_119,test,7892,2013-01-17 14:00:00,2013-06-30 23:30:00
ID_119,train,36825,2010-07-01 00:00:00,2012-08-06 04:00:00
ID_119,val,7891,2012-08-06 04:30:00,2013-01-17 13:30:00
ID_12,test,7892,2013-01-17 14:00:00,2013-06-30 23:30:00
ID_12,train,36825,2010-07-01 00:00:00,2012-08-06 04:00:00
ID_12,val,7891,2012-08-06 04:30:00,2013-01-17 13:30:00
ID_120,test,7892,2013-01-17 14:00:00,2013-06-30 23:30:00
ID_120,train,36825,2010-07-01 00:00:00,2012-08-06 04:00:00
ID_120,val,7891,2012-08-06 04:30:00,2013-01-17 13:30:00
ID_121,test,7892,2013-01-17 14:00:00,2013-06-30 23:30:00
ID_121,train,36825,2010-07-01 00:00:00,2012-08-06 04:00:00
ID_121,val,7891,2012-08-06 04:30:00,2013-01-17 13:30:00
ID_122,test,7892,2013-01-17 14:00:00,2013-06-30 23:30:00
ID_122,train,36825,2010-07-01 00:00:00,2012-08-06 04:00:00
ID_122,val,7891,2012-08-06 04:30:00,2013-01-17 13:30:00
ID_123,test,7892,2013-01-17 14:00:00,2013-06-30 23:30:00
ID_123,train,36825,2010-07-01 00:00:00,2012-08-06 04:00:00
ID_123,val,7891,2012-08-06 04:30:00,2013-01-17 13:30:00
ID_124,test,7892,2013-01-17 14:00:00,2013-06-30 23:30:00
ID_124,train,36825,2010-07-01 00:00:00,2012-08-06 04:00:00
ID_124,val,7891,2012-08-06 04:30:00,2013-01-17 13:30:00
ID_125,test,7892,2013-01-17 14:00:00,2013-06-30 23:30:00
ID_125,train,36825,2010-07-01 00:00:00,2012-08-06 04:00:00
ID_125,val,7891,2012-08-06 04:30:00,2013-01-17 13:30:00
ID_126,test,7892,2013-01-17 14:00:00,2013-06-30 23:30:00
ID_126,train,36825,2010-07-01 00:00:00,2012-08-06 04:00:00
ID_126,val,7891,2012-08-06 04:30:00,2013-01-17 13:30:00
ID_127,test,7892,2013-01-17 14:00:00,2013-06-30 23:30:00
ID_127,train,36825,2010-07-01 00:00:00,2012-08-06 04:00:00
ID_127,val,7891,2012-08-06 04:30:00,2013-01-17 13:30:00
ID_128,test,7892,2013-01-17 14:00:00,2013-06-30 23:30:00
ID_128,train,36825,2010-07-01 00:00:00,2012-08-06 04:00:00
ID_128,val,7891,2012-08-06 04:30:00,2013-01-17 13:30:00
ID_129,test,7892,2013-01-17 14:00:00,2013-06-30 23:30:00
ID_129,train,36825,2010-07-01 00:00:00,2012-08-06 04:00:00
ID_129,val,7891,2012-08-06 04:30:00,2013-01-17 13:30:00
ID_13,test,7892,2013-01-17 14:00:00,2013-06-30 23:30:00
ID_13,train,36825,2010-07-01 00:00:00,2012-08-06 04:00:00
ID_13,val,7891,2012-08-06 04:30:00,2013-01-17 13:30:00
ID_130,test,7892,2013-01-17 14:00:00,2013-06-30 23:30:00
ID_130,train,36825,2010-07-01 00:00:00,2012-08-06 04:00:00
ID_130,val,7891,2012-08-06 04:30:00,2013-01-17 13:30:00
ID_131,test,7892,2013-01-17 14:00:00,2013-06-30 23:30:00
ID_131,train,36825,2010-07-01 00:00:00,2012-08-06 04:00:00
ID_131,val,7891,2012-08-06 04:30:00,2013-01-17 13:30:00
ID_132,test,7892,2013-01-17 14:00:00,2013-06-30 23:30:00
ID_132,train,36825,2010-07-01 00:00:00,2012-08-06 04:00:00
ID_132,val,7891,2012-08-06 04:30:00,2013-01-17 13:30:00
ID_133,test,7892,2013-01-17 14:00:00,2013-06-30 23:30:00
ID_133,train,36825,2010-07-01 00:00:00,2012-08-06 04:00:00
ID_133,val,7891,2012-08-06 04:30:00,2013-01-17 13:30:00
ID_134,test,7892,2013-01-17 14:00:00,2013-06-30 23:30:00
ID_134,train,36825,2010-07-01 00:00:00,2012-08-06 04:00:00
ID_134,val,7891,2012-08-06 04:30:00,2013-01-17 13:30:00
ID_135,test,7892,2013-01-17 14:00:00,2013-06-30 23:30:00
ID_135,train,36825,2010-07-01 00:00:00,2012-08-06 04:00:00
ID_135,val,7891,2012-08-06 04:30:00,2013-01-17 13:30:00
ID_136,test,7892,2013-01-17 14:00:00,2013-06-30 23:30:00
ID_136,train,36825,2010-07-01 00:00:00,2012-08-06 04:00:00
ID_136,val,7891,2012-08-06 04:30:00,2013-01-17 13:30:00
ID_137,test,7892,2013-01-17 14:00:00,2013-06-30 23:30:00
ID_137,train,36825,2010-07-01 00:00:00,2012-08-06 04:00:00
ID_137,val,7891,2012-08-06 04:30:00,2013-01-17 13:30:00
ID_138,test,7892,2013-01-17 14:00:00,2013-06-30 23:30:00
ID_138,train,36825,2010-07-01 00:00:00,2012-08-06 04:00:00
ID_138,val,7891,2012-08-06 04:30:00,2013-01-17 13:30:00
ID_139,test,7892,2013-01-17 14:00:00,2013-06-30 23:30:00
ID_139,train,36825,2010-07-01 00:00:00,2012-08-06 04:00:00
ID_139,val,7891,2012-08-06 04:30:00,2013-01-17 13:30:00
ID_14,test,7892,2013-01-17 14:00:00,2013-06-30 23:30:00
ID_14,train,36825,2010-07-01 00:00:00,2012-08-06 04:00:00
ID_14,val,7891,2012-08-06 04:30:00,2013-01-17 13:30:00
ID_140,test,7892,2013-01-17 14:00:00,2013-06-30 23:30:00
ID_140,train,36825,2010-07-01 00:00:00,2012-08-06 04:00:00
ID_140,val,7891,2012-08-06 04:30:00,2013-01-17 13:30:00
ID_141,test,7892,2013-01-17 14:00:00,2013-06-30 23:30:00
ID_141,train,36825,2010-07-01 00:00:00,2012-08-06 04:00:00
ID_141,val,7891,2012-08-06 04:30:00,2013-01-17 13:30:00
ID_142,test,7892,2013-01-17 14:00:00,2013-06-30 23:30:00
ID_142,train,36825,2010-07-01 00:00:00,2012-08-06 04:00:00
ID_142,val,7891,2012-08-06 04:30:00,2013-01-17 13:30:00
ID_143,test,7892,2013-01-17 14:00:00,2013-06-30 23:30:00
ID_143,train,36825,2010-07-01 00:00:00,2012-08-06 04:00:00
ID_143,val,7891,2012-08-06 04:30:00,2013-01-17 13:30:00
ID_144,test,7892,2013-01-17 14:00:00,2013-06-30 23:30:00
ID_144,train,36825,2010-07-01 00:00:00,2012-08-06 04:00:00
ID_144,val,7891,2012-08-06 04:30:00,2013-01-17 13:30:00
ID_145,test,7892,2013-01-17 14:00:00,2013-06-30 23:30:00
ID_145,train,36825,2010-07-01 00:00:00,2012-08-06 04:00:00
ID_145,val,7891,2012-08-06 04:30:00,2013-01-17 13:30:00
ID_146,test,7892,2013-01-17 14:00:00,2013-06-30 23:30:00
ID_146,train,36825,2010-07-01 00:00:00,2012-08-06 04:00:00
ID_146,val,7891,2012-08-06 04:30:00,2013-01-17 13:30:00
ID_147,test,7892,2013-01-17 14:00:00,2013-06-30 23:30:00
ID_147,train,36825,2010-07-01 00:00:00,2012-08-06 04:00:00
ID_147,val,7891,2012-08-06 04:30:00,2013-01-17 13:30:00
ID_148,test,7892,2013-01-17 14:00:00,2013-06-30 23:30:00
ID_148,train,36825,2010-07-01 00:00:00,2012-08-06 04:00:00
ID_148,val,7891,2012-08-06 04:30:00,2013-01-17 13:30:00
ID_149,test,7892,2013-01-17 14:00:00,2013-06-30 23:30:00
ID_149,train,36825,2010-07-01 00:00:00,2012-08-06 04:00:00
ID_149,val,7891,2012-08-06 04:30:00,2013-01-17 13:30:00
ID_15,test,7892,2013-01-17 14:00:00,2013-06-30 23:30:00
ID_15,train,36825,2010-07-01 00:00:00,2012-08-06 04:00:00
ID_15,val,7891,2012-08-06 04:30:00,2013-01-17 13:30:00
ID_150,test,7892,2013-01-17 14:00:00,2013-06-30 23:30:00
ID_150,train,36825,2010-07-01 00:00:00,2012-08-06 04:00:00
ID_150,val,7891,2012-08-06 04:30:00,2013-01-17 13:30:00
ID_151,test,7892,2013-01-17 14:00:00,2013-06-30 23:30:00
ID_151,train,36825,2010-07-01 00:00:00,2012-08-06 04:00:00
ID_151,val,7891,2012-08-06 04:30:00,2013-01-17 13:30:00
ID_152,test,7892,2013-01-17 14:00:00,2013-06-30 23:30:00
ID_152,train,36825,2010-07-01 00:00:00,2012-08-06 04:00:00
ID_152,val,7891,2012-08-06 04:30:00,2013-01-17 13:30:00
ID_153,test,7892,2013-01-17 14:00:00,2013-06-30 23:30:00
ID_153,train,36825,2010-07-01 00:00:00,2012-08-06 04:00:00
ID_153,val,7891,2012-08-06 04:30:00,2013-01-17 13:30:00
ID_154,test,7892,2013-01-17 14:00:00,2013-06-30 23:30:00
ID_154,train,36825,2010-07-01 00:00:00,2012-08-06 04:00:00
ID_154,val,7891,2012-08-06 04:30:00,2013-01-17 13:30:00
ID_155,test,7892,2013-01-17 14:00:00,2013-06-30 23:30:00
ID_155,train,36825,2010-07-01 00:00:00,2012-08-06 04:00:00
ID_155,val,7891,2012-08-06 04:30:00,2013-01-17 13:30:00
ID_156,test,7892,2013-01-17 14:00:00,2013-06-30 23:30:00
ID_156,train,36825,2010-07-01 00:00:00,2012-08-06 04:00:00
ID_156,val,7891,2012-08-06 04:30:00,2013-01-17 13:30:00
ID_157,test,7892,2013-01-17 14:00:00,2013-06-30 23:30:00
ID_157,train,36825,2010-07-01 00:00:00,2012-08-06 04:00:00
ID_157,val,7891,2012-08-06 04:30:00,2013-01-17 13:30:00
ID_158,test,7892,2013-01-17 14:00:00,2013-06-30 23:30:00
ID_158,train,36825,2010-07-01 00:00:00,2012-08-06 04:00:00
ID_158,val,7891,2012-08-06 04:30:00,2013-01-17 13:30:00
ID_159,test,7892,2013-01-17 14:00:00,2013-06-30 23:30:00
ID_159,train,36825,2010-07-01 00:00:00,2012-08-06 04:00:00
ID_159,val,7891,2012-08-06 04:30:00,2013-01-17 13:30:00
ID_16,test,7892,2013-01-17 14:00:00,2013-06-30 23:30:00
ID_16,train,36825,2010-07-01 00:00:00,2012-08-06 04:00:00
ID_16,val,7891,2012-08-06 04:30:00,2013-01-17 13:30:00
ID_160,test,7892,2013-01-17 14:00:00,2013-06-30 23:30:00
ID_160,train,36825,2010-07-01 00:00:00,2012-08-06 04:00:00
ID_160,val,7891,2012-08-06 04:30:00,2013-01-17 13:30:00
ID_161,test,7892,2013-01-17 14:00:00,2013-06-30 23:30:00
ID_161,train,36825,2010-07-01 00:00:00,2012-08-06 04:00:00
ID_161,val,7891,2012-08-06 04:30:00,2013-01-17 13:30:00
ID_162,test,7892,2013-01-17 14:00:00,2013-06-30 23:30:00
ID_162,train,36825,2010-07-01 00:00:00,2012-08-06 04:00:00
ID_162,val,7891,2012-08-06 04:30:00,2013-01-17 13:30:00
ID_163,test,7892,2013-01-17 14:00:00,2013-06-30 23:30:00
ID_163,train,36825,2010-07-01 00:00:00,2012-08-06 04:00:00
ID_163,val,7891,2012-08-06 04:30:00,2013-01-17 13:30:00
ID_164,test,7892,2013-01-17 14:00:00,2013-06-30 23:30:00
ID_164,train,36825,2010-07-01 00:00:00,2012-08-06 04:00:00
ID_164,val,7891,2012-08-06 04:30:00,2013-01-17 13:30:00
ID_165,test,7892,2013-01-17 14:00:00,2013-06-30 23:30:00
ID_165,train,36825,2010-07-01 00:00:00,2012-08-06 04:00:00
ID_165,val,7891,2012-08-06 04:30:00,2013-01-17 13:30:00
ID_166,test,7892,2013-01-17 14:00:00,2013-06-30 23:30:00
ID_166,train,36825,2010-07-01 00:00:00,2012-08-06 04:00:00
ID_166,val,7891,2012-08-06 04:30:00,2013-01-17 13:30:00
ID_167,test,7892,2013-01-17 14:00:00,2013-06-30 23:30:00
ID_167,train,36825,2010-07-01 00:00:00,2012-08-06 04:00:00
ID_167,val,7891,2012-08-06 04:30:00,2013-01-17 13:30:00
ID_168,test,7892,2013-01-17 14:00:00,2013-06-30 23:30:00
ID_168,train,36825,2010-07-01 00:00:00,2012-08-06 04:00:00
ID_168,val,7891,2012-08-06 04:30:00,2013-01-17 13:30:00
ID_169,test,7892,2013-01-17 14:00:00,2013-06-30 23:30:00
ID_169,train,36825,2010-07-01 00:00:00,2012-08-06 04:00:00
ID_169,val,7891,2012-08-06 04:30:00,2013-01-17 13:30:00
ID_17,test,7892,2013-01-17 14:00:00,2013-06-30 23:30:00
ID_17,train,36825,2010-07-01 00:00:00,2012-08-06 04:00:00
ID_17,val,7891,2012-08-06 04:30:00,2013-01-17 13:30:00
ID_170,test,7892,2013-01-17 14:00:00,2013-06-30 23:30:00
ID_170,train,36825,2010-07-01 00:00:00,2012-08-06 04:00:00
ID_170,val,7891,2012-08-06 04:30:00,2013-01-17 13:30:00
ID_171,test,7892,2013-01-17 14:00:00,2013-06-30 23:30:00
ID_171,train,36825,2010-07-01 00:00:00,2012-08-06 04:00:00
ID_171,val,7891,2012-08-06 04:30:00,2013-01-17 13:30:00
ID_172,test,7892,2013-01-17 14:00:00,2013-06-30 23:30:00
ID_172,train,36825,2010-07-01 00:00:00,2012-08-06 04:00:00
ID_172,val,7891,2012-08-06 04:30:00,2013-01-17 13:30:00
ID_173,test,7892,2013-01-17 14:00:00,2013-06-30 23:30:00
ID_173,train,36825,2010-07-01 00:00:00,2012-08-06 04:00:00
ID_173,val,7891,2012-08-06 04:30:00,2013-01-17 13:30:00
ID_174,test,7892,2013-01-17 14:00:00,2013-06-30 23:30:00
ID_174,train,36825,2010-07-01 00:00:00,2012-08-06 04:00:00
ID_174,val,7891,2012-08-06 04:30:00,2013-01-17 13:30:00
ID_175,test,7892,2013-01-17 14:00:00,2013-06-30 23:30:00
ID_175,train,36825,2010-07-01 00:00:00,2012-08-06 04:00:00
ID_175,val,7891,2012-08-06 04:30:00,2013-01-17 13:30:00
ID_176,test,7892,2013-01-17 14:00:00,2013-06-30 23:30:00
ID_176,train,36825,2010-07-01 00:00:00,2012-08-06 04:00:00
ID_176,val,7891,2012-08-06 04:30:00,2013-01-17 13:30:00
ID_177,test,7892,2013-01-17 14:00:00,2013-06-30 23:30:00
ID_177,train,36825,2010-07-01 00:00:00,2012-08-06 04:00:00
ID_177,val,7891,2012-08-06 04:30:00,2013-01-17 13:30:00
ID_178,test,7892,2013-01-17 14:00:00,2013-06-30 23:30:00
ID_178,train,36825,2010-07-01 00:00:00,2012-08-06 04:00:00
ID_178,val,7891,2012-08-06 04:30:00,2013-01-17 13:30:00
ID_179,test,7892,2013-01-17 14:00:00,2013-06-30 23:30:00
ID_179,train,36825,2010-07-01 00:00:00,2012-08-06 04:00:00
ID_179,val,7891,2012-08-06 04:30:00,2013-01-17 13:30:00
ID_18,test,7892,2013-01-17 14:00:00,2013-06-30 23:30:00
ID_18,train,36825,2010-07-01 00:00:00,2012-08-06 04:00:00
ID_18,val,7891,2012-08-06 04:30:00,2013-01-17 13:30:00
ID_180,test,7892,2013-01-17 14:00:00,2013-06-30 23:30:00
ID_180,train,36825,2010-07-01 00:00:00,2012-08-06 04:00:00
ID_180,val,7891,2012-08-06 04:30:00,2013-01-17 13:30:00
ID_181,test,7892,2013-01-17 14:00:00,2013-06-30 23:30:00
ID_181,train,36825,2010-07-01 00:00:00,2012-08-06 04:00:00
ID_181,val,7891,2012-08-06 04:30:00,2013-01-17 13:30:00
ID_182,test,7892,2013-01-17 14:00:00,2013-06-30 23:30:00
ID_182,train,36825,2010-07-01 00:00:00,2012-08-06 04:00:00
ID_182,val,7891,2012-08-06 04:30:00,2013-01-17 13:30:00
ID_183,test,7892,2013-01-17 14:00:00,2013-06-30 23:30:00
ID_183,train,36825,2010-07-01 00:00:00,2012-08-06 04:00:00
ID_183,val,7891,2012-08-06 04:30:00,2013-01-17 13:30:00
ID_184,test,7892,2013-01-17 14:00:00,2013-06-30 23:30:00
ID_184,train,36825,2010-07-01 00:00:00,2012-08-06 04:00:00
ID_184,val,7891,2012-08-06 04:30:00,2013-01-17 13:30:00
ID_185,test,7892,2013-01-17 14:00:00,2013-06-30 23:30:00
ID_185,train,36825,2010-07-01 00:00:00,2012-08-06 04:00:00
ID_185,val,7891,2012-08-06 04:30:00,2013-01-17 13:30:00
ID_186,test,7892,2013-01-17 14:00:00,2013-06-30 23:30:00
ID_186,train,36825,2010-07-01 00:00:00,2012-08-06 04:00:00
ID_186,val,7891,2012-08-06 04:30:00,2013-01-17 13:30:00
ID_187,test,7892,2013-01-17 14:00:00,2013-06-30 23:30:00
ID_187,train,36825,2010-07-01 00:00:00,2012-08-06 04:00:00
ID_187,val,7891,2012-08-06 04:30:00,2013-01-17 13:30:00
ID_188,test,7892,2013-01-17 14:00:00,2013-06-30 23:30:00
ID_188,train,36825,2010-07-01 00:00:00,2012-08-06 04:00:00
ID_188,val,7891,2012-08-06 04:30:00,2013-01-17 13:30:00
ID_189,test,7892,2013-01-17 14:00:00,2013-06-30 23:30:00
ID_189,train,36825,2010-07-01 00:00:00,2012-08-06 04:00:00
ID_189,val,7891,2012-08-06 04:30:00,2013-01-17 13:30:00
ID_19,test,7892,2013-01-17 14:00:00,2013-06-30 23:30:00
ID_19,train,36825,2010-07-01 00:00:00,2012-08-06 04:00:00
ID_19,val,7891,2012-08-06 04:30:00,2013-01-17 13:30:00
ID_190,test,7892,2013-01-17 14:00:00,2013-06-30 23:30:00
ID_190,train,36825,2010-07-01 00:00:00,2012-08-06 04:00:00
ID_190,val,7891,2012-08-06 04:30:00,2013-01-17 13:30:00
ID_191,test,7892,2013-01-17 14:00:00,2013-06-30 23:30:00
ID_191,train,36825,2010-07-01 00:00:00,2012-08-06 04:00:00
ID_191,val,7891,2012-08-06 04:30:00,2013-01-17 13:30:00
ID_192,test,7892,2013-01-17 14:00:00,2013-06-30 23:30:00
ID_192,train,36825,2010-07-01 00:00:00,2012-08-06 04:00:00
ID_192,val,7891,2012-08-06 04:30:00,2013-01-17 13:30:00
ID_193,test,7892,2013-01-17 14:00:00,2013-06-30 23:30:00
ID_193,train,36825,2010-07-01 00:00:00,2012-08-06 04:00:00
ID_193,val,7891,2012-08-06 04:30:00,2013-01-17 13:30:00
ID_194,test,7892,2013-01-17 14:00:00,2013-06-30 23:30:00
ID_194,train,36825,2010-07-01 00:00:00,2012-08-06 04:00:00
ID_194,val,7891,2012-08-06 04:30:00,2013-01-17 13:30:00
ID_195,test,7892,2013-01-17 14:00:00,2013-06-30 23:30:00
ID_195,train,36825,2010-07-01 00:00:00,2012-08-06 04:00:00
ID_195,val,7891,2012-08-06 04:30:00,2013-01-17 13:30:00
ID_196,test,7892,2013-01-17 14:00:00,2013-06-30 23:30:00
ID_196,train,36825,2010-07-01 00:00:00,2012-08-06 04:00:00
ID_196,val,7891,2012-08-06 04:30:00,2013-01-17 13:30:00
ID_197,test,7892,2013-01-17 14:00:00,2013-06-30 23:30:00
ID_197,train,36825,2010-07-01 00:00:00,2012-08-06 04:00:00
ID_197,val,7891,2012-08-06 04:30:00,2013-01-17 13:30:00
ID_198,test,7892,2013-01-17 14:00:00,2013-06-30 23:30:00
ID_198,train,36825,2010-07-01 00:00:00,2012-08-06 04:00:00
ID_198,val,7891,2012-08-06 04:30:00,2013-01-17 13:30:00
ID_199,test,7892,2013-01-17 14:00:00,2013-06-30 23:30:00
ID_199,train,36825,2010-07-01 00:00:00,2012-08-06 04:00:00
ID_199,val,7891,2012-08-06 04:30:00,2013-01-17 13:30:00
ID_2,test,7892,2013-01-17 14:00:00,2013-06-30 23:30:00
ID_2,train,36825,2010-07-01 00:00:00,2012-08-06 04:00:00
ID_2,val,4003,2012-08-06 04:30:00,2013-01-17 13:30:00
ID_20,test,7892,2013-01-17 14:00:00,2013-06-30 23:30:00
ID_20,train,36825,2010-07-01 00:00:00,2012-08-06 04:00:00
ID_20,val,7891,2012-08-06 04:30:00,2013-01-17 13:30:00
ID_200,test,7892,2013-01-17 14:00:00,2013-06-30 23:30:00
ID_200,train,36825,2010-07-01 00:00:00,2012-08-06 04:00:00
ID_200,val,7891,2012-08-06 04:30:00,2013-01-17 13:30:00
ID_201,test,7892,2013-01-17 14:00:00,2013-06-30 23:30:00
ID_201,train,36825,2010-07-01 00:00:00,2012-08-06 04:00:00
ID_201,val,7891,2012-08-06 04:30:00,2013-01-17 13:30:00
ID_202,test,7892,2013-01-17 14:00:00,2013-06-30 23:30:00
ID_202,train,36825,2010-07-01 00:00:00,2012-08-06 04:00:00
ID_202,val,7891,2012-08-06 04:30:00,2013-01-17 13:30:00
ID_203,test,7892,2013-01-17 14:00:00,2013-06-30 23:30:00
ID_203,train,36825,2010-07-01 00:00:00,2012-08-06 04:00:00
ID_203,val,7891,2012-08-06 04:30:00,2013-01-17 13:30:00
ID_204,test,7892,2013-01-17 14:00:00,2013-06-30 23:30:00
ID_204,train,36825,2010-07-01 00:00:00,2012-08-06 04:00:00
ID_204,val,7891,2012-08-06 04:30:00,2013-01-17 13:30:00
ID_205,test,7892,2013-01-17 14:00:00,2013-06-30 23:30:00
ID_205,train,36825,2010-07-01 00:00:00,2012-08-06 04:00:00
ID_205,val,7891,2012-08-06 04:30:00,2013-01-17 13:30:00
ID_206,test,7892,2013-01-17 14:00:00,2013-06-30 23:30:00
ID_206,train,36825,2010-07-01 00:00:00,2012-08-06 04:00:00
ID_206,val,7891,2012-08-06 04:30:00,2013-01-17 13:30:00
ID_207,test,7892,2013-01-17 14:00:00,2013-06-30 23:30:00
ID_207,train,36825,2010-07-01 00:00:00,2012-08-06 04:00:00
ID_207,val,7891,2012-08-06 04:30:00,2013-01-17 13:30:00
ID_208,test,7892,2013-01-17 14:00:00,2013-06-30 23:30:00
ID_208,train,36825,2010-07-01 00:00:00,2012-08-06 04:00:00
ID_208,val,7891,2012-08-06 04:30:00,2013-01-17 13:30:00
ID_209,test,7892,2013-01-17 14:00:00,2013-06-30 23:30:00
ID_209,train,36825,2010-07-01 00:00:00,2012-08-06 04:00:00
ID_209,val,7891,2012-08-06 04:30:00,2013-01-17 13:30:00
ID_21,test,7892,2013-01-17 14:00:00,2013-06-30 23:30:00
ID_21,train,36825,2010-07-01 00:00:00,2012-08-06 04:00:00
ID_21,val,7891,2012-08-06 04:30:00,2013-01-17 13:30:00
ID_210,test,7892,2013-01-17 14:00:00,2013-06-30 23:30:00
ID_210,train,36825,2010-07-01 00:00:00,2012-08-06 04:00:00
ID_210,val,7891,2012-08-06 04:30:00,2013-01-17 13:30:00
ID_211,test,7892,2013-01-17 14:00:00,2013-06-30 23:30:00
ID_211,train,36825,2010-07-01 00:00:00,2012-08-06 04:00:00
ID_211,val,7891,2012-08-06 04:30:00,2013-01-17 13:30:00
ID_212,test,7892,2013-01-17 14:00:00,2013-06-30 23:30:00
ID_212,train,36825,2010-07-01 00:00:00,2012-08-06 04:00:00
ID_212,val,7891,2012-08-06 04:30:00,2013-01-17 13:30:00
ID_213,test,7892,2013-01-17 14:00:00,2013-06-30 23:30:00
ID_213,train,36825,2010-07-01 00:00:00,2012-08-06 04:00:00
ID_213,val,7891,2012-08-06 04:30:00,2013-01-17 13:30:00
ID_214,test,7892,2013-01-17 14:00:00,2013-06-30 23:30:00
ID_214,train,36825,2010-07-01 00:00:00,2012-08-06 04:00:00
ID_214,val,7891,2012-08-06 04:30:00,2013-01-17 13:30:00
ID_215,test,7892,2013-01-17 14:00:00,2013-06-30 23:30:00
ID_215,train,36825,2010-07-01 00:00:00,2012-08-06 04:00:00
ID_215,val,7891,2012-08-06 04:30:00,2013-01-17 13:30:00
ID_216,test,7892,2013-01-17 14:00:00,2013-06-30 23:30:00
ID_216,train,36825,2010-07-01 00:00:00,2012-08-06 04:00:00
ID_216,val,7891,2012-08-06 04:30:00,2013-01-17 13:30:00
ID_217,test,7892,2013-01-17 14:00:00,2013-06-30 23:30:00
ID_217,train,36825,2010-07-01 00:00:00,2012-08-06 04:00:00
ID_217,val,7891,2012-08-06 04:30:00,2013-01-17 13:30:00
ID_218,test,7892,2013-01-17 14:00:00,2013-06-30 23:30:00
ID_218,train,36825,2010-07-01 00:00:00,2012-08-06 04:00:00
ID_218,val,7891,2012-08-06 04:30:00,2013-01-17 13:30:00
ID_219,test,7892,2013-01-17 14:00:00,2013-06-30 23:30:00
ID_219,train,36825,2010-07-01 00:00:00,2012-08-06 04:00:00
ID_219,val,7891,2012-08-06 04:30:00,2013-01-17 13:30:00
ID_22,test,7892,2013-01-17 14:00:00,2013-06-30 23:30:00
ID_22,train,36825,2010-07-01 00:00:00,2012-08-06 04:00:00
ID_22,val,7891,2012-08-06 04:30:00,2013-01-17 13:30:00
ID_220,test,7892,2013-01-17 14:00:00,2013-06-30 23:30:00
ID_220,train,36825,2010-07-01 00:00:00,2012-08-06 04:00:00
ID_220,val,7891,2012-08-06 04:30:00,2013-01-17 13:30:00
ID_221,test,7892,2013-01-17 14:00:00,2013-06-30 23:30:00
ID_221,train,36825,2010-07-01 00:00:00,2012-08-06 04:00:00
ID_221,val,7891,2012-08-06 04:30:00,2013-01-17 13:30:00
ID_222,test,7892,2013-01-17 14:00:00,2013-06-30 23:30:00
ID_222,train,36825,2010-07-01 00:00:00,2012-08-06 04:00:00
ID_222,val,7891,2012-08-06 04:30:00,2013-01-17 13:30:00
ID_223,test,7892,2013-01-17 14:00:00,2013-06-30 23:30:00
ID_223,train,36825,2010-07-01 00:00:00,2012-08-06 04:00:00
ID_223,val,7891,2012-08-06 04:30:00,2013-01-17 13:30:00
ID_224,test,7892,2013-01-17 14:00:00,2013-06-30 23:30:00
ID_224,train,36825,2010-07-01 00:00:00,2012-08-06 04:00:00
ID_224,val,7891,2012-08-06 04:30:00,2013-01-17 13:30:00
ID_225,test,7892,2013-01-17 14:00:00,2013-06-30 23:30:00
ID_225,train,36825,2010-07-01 00:00:00,2012-08-06 04:00:00
ID_225,val,7891,2012-08-06 04:30:00,2013-01-17 13:30:00
ID_226,test,7892,2013-01-17 14:00:00,2013-06-30 23:30:00
ID_226,train,36825,2010-07-01 00:00:00,2012-08-06 04:00:00
ID_226,val,7891,2012-08-06 04:30:00,2013-01-17 13:30:00
ID_227,test,7892,2013-01-17 14:00:00,2013-06-30 23:30:00
ID_227,train,36825,2010-07-01 00:00:00,2012-08-06 04:00:00
ID_227,val,7891,2012-08-06 04:30:00,2013-01-17 13:30:00
ID_228,test,7892,2013-01-17 14:00:00,2013-06-30 23:30:00
ID_228,train,36825,2010-07-01 00:00:00,2012-08-06 04:00:00
ID_228,val,7891,2012-08-06 04:30:00,2013-01-17 13:30:00
ID_229,test,7892,2013-01-17 14:00:00,2013-06-30 23:30:00
ID_229,train,36825,2010-07-01 00:00:00,2012-08-06 04:00:00
ID_229,val,7891,2012-08-06 04:30:00,2013-01-17 13:30:00
ID_23,test,7892,2013-01-17 14:00:00,2013-06-30 23:30:00
ID_23,train,36825,2010-07-01 00:00:00,2012-08-06 04:00:00
ID_23,val,7891,2012-08-06 04:30:00,2013-01-17 13:30:00
ID_230,test,7892,2013-01-17 14:00:00,2013-06-30 23:30:00
ID_230,train,36825,2010-07-01 00:00:00,2012-08-06 04:00:00
ID_230,val,7891,2012-08-06 04:30:00,2013-01-17 13:30:00
ID_231,test,7892,2013-01-17 14:00:00,2013-06-30 23:30:00
ID_231,train,36825,2010-07-01 00:00:00,2012-08-06 04:00:00
ID_231,val,7891,2012-08-06 04:30:00,2013-01-17 13:30:00
ID_232,test,7892,2013-01-17 14:00:00,2013-06-30 23:30:00
ID_232,train,36825,2010-07-01 00:00:00,2012-08-06 04:00:00
ID_232,val,7891,2012-08-06 04:30:00,2013-01-17 13:30:00
ID_233,test,7892,2013-01-17 14:00:00,2013-06-30 23:30:00
ID_233,train,36825,2010-07-01 00:00:00,2012-08-06 04:00:00
ID_233,val,7891,2012-08-06 04:30:00,2013-01-17 13:30:00
ID_234,test,7892,2013-01-17 14:00:00,2013-06-30 23:30:00
ID_234,train,36825,2010-07-01 00:00:00,2012-08-06 04:00:00
ID_234,val,7891,2012-08-06 04:30:00,2013-01-17 13:30:00
ID_235,test,7892,2013-01-17 14:00:00,2013-06-30 23:30:00
ID_235,train,36825,2010-07-01 00:00:00,2012-08-06 04:00:00
ID_235,val,7891,2012-08-06 04:30:00,2013-01-17 13:30:00
ID_236,test,7892,2013-01-17 14:00:00,2013-06-30 23:30:00
ID_236,train,36825,2010-07-01 00:00:00,2012-08-06 04:00:00
ID_236,val,7891,2012-08-06 04:30:00,2013-01-17 13:30:00
ID_237,test,7892,2013-01-17 14:00:00,2013-06-30 23:30:00
ID_237,train,36825,2010-07-01 00:00:00,2012-08-06 04:00:00
ID_237,val,7891,2012-08-06 04:30:00,2013-01-17 13:30:00
ID_238,test,7892,2013-01-17 14:00:00,2013-06-30 23:30:00
ID_238,train,36825,2010-07-01 00:00:00,2012-08-06 04:00:00
ID_238,val,7891,2012-08-06 04:30:00,2013-01-17 13:30:00
ID_239,test,7892,2013-01-17 14:00:00,2013-06-30 23:30:00
ID_239,train,36825,2010-07-01 00:00:00,2012-08-06 04:00:00
ID_239,val,7891,2012-08-06 04:30:00,2013-01-17 13:30:00
ID_24,test,7892,2013-01-17 14:00:00,2013-06-30 23:30:00
ID_24,train,36825,2010-07-01 00:00:00,2012-08-06 04:00:00
ID_24,val,7891,2012-08-06 04:30:00,2013-01-17 13:30:00
ID_240,test,7892,2013-01-17 14:00:00,2013-06-30 23:30:00
ID_240,train,36825,2010-07-01 00:00:00,2012-08-06 04:00:00
ID_240,val,7891,2012-08-06 04:30:00,2013-01-17 13:30:00
ID_241,test,7892,2013-01-17 14:00:00,2013-06-30 23:30:00
ID_241,train,36825,2010-07-01 00:00:00,2012-08-06 04:00:00
ID_241,val,7891,2012-08-06 04:30:00,2013-01-17 13:30:00
ID_242,test,7892,2013-01-17 14:00:00,2013-06-30 23:30:00
ID_242,train,36825,2010-07-01 00:00:00,2012-08-06 04:00:00
ID_242,val,7891,2012-08-06 04:30:00,2013-01-17 13:30:00
ID_243,test,7892,2013-01-17 14:00:00,2013-06-30 23:30:00
ID_243,train,36825,2010-07-01 00:00:00,2012-08-06 04:00:00
ID_243,val,7891,2012-08-06 04:30:00,2013-01-17 13:30:00
ID_244,test,7892,2013-01-17 14:00:00,2013-06-30 23:30:00
ID_244,train,36825,2010-07-01 00:00:00,2012-08-06 04:00:00
ID_244,val,7891,2012-08-06 04:30:00,2013-01-17 13:30:00
ID_245,test,7892,2013-01-17 14:00:00,2013-06-30 23:30:00
ID_245,train,36825,2010-07-01 00:00:00,2012-08-06 04:00:00
ID_245,val,7891,2012-08-06 04:30:00,2013-01-17 13:30:00
ID_246,test,7892,2013-01-17 14:00:00,2013-06-30 23:30:00
ID_246,train,36825,2010-07-01 00:00:00,2012-08-06 04:00:00
ID_246,val,7891,2012-08-06 04:30:00,2013-01-17 13:30:00
ID_247,test,7892,2013-01-17 14:00:00,2013-06-30 23:30:00
ID_247,train,36825,2010-07-01 00:00:00,2012-08-06 04:00:00
ID_247,val,7891,2012-08-06 04:30:00,2013-01-17 13:30:00
ID_248,test,7892,2013-01-17 14:00:00,2013-06-30 23:30:00
ID_248,train,36825,2010-07-01 00:00:00,2012-08-06 04:00:00
ID_248,val,7891,2012-08-06 04:30:00,2013-01-17 13:30:00
ID_249,test,7892,2013-01-17 14:00:00,2013-06-30 23:30:00
ID_249,train,36825,2010-07-01 00:00:00,2012-08-06 04:00:00
ID_249,val,7891,2012-08-06 04:30:00,2013-01-17 13:30:00
ID_25,test,7892,2013-01-17 14:00:00,2013-06-30 23:30:00
ID_25,train,36825,2010-07-01 00:00:00,2012-08-06 04:00:00
ID_25,val,7891,2012-08-06 04:30:00,2013-01-17 13:30:00
ID_250,test,7892,2013-01-17 14:00:00,2013-06-30 23:30:00
ID_250,train,36825,2010-07-01 00:00:00,2012-08-06 04:00:00
ID_250,val,7891,2012-08-06 04:30:00,2013-01-17 13:30:00
ID_251,test,7892,2013-01-17 14:00:00,2013-06-30 23:30:00
ID_251,train,36825,2010-07-01 00:00:00,2012-08-06 04:00:00
ID_251,val,7891,2012-08-06 04:30:00,2013-01-17 13:30:00
ID_252,test,7892,2013-01-17 14:00:00,2013-06-30 23:30:00
ID_252,train,36825,2010-07-01 00:00:00,2012-08-06 04:00:00
ID_252,val,7891,2012-08-06 04:30:00,2013-01-17 13:30:00
ID_253,test,7892,2013-01-17 14:00:00,2013-06-30 23:30:00
ID_253,train,36825,2010-07-01 00:00:00,2012-08-06 04:00:00
ID_253,val,7891,2012-08-06 04:30:00,2013-01-17 13:30:00
ID_254,test,7892,2013-01-17 14:00:00,2013-06-30 23:30:00
ID_254,train,36825,2010-07-01 00:00:00,2012-08-06 04:00:00
ID_254,val,7891,2012-08-06 04:30:00,2013-01-17 13:30:00
ID_255,test,7892,2013-01-17 14:00:00,2013-06-30 23:30:00
ID_255,train,36825,2010-07-01 00:00:00,2012-08-06 04:00:00
ID_255,val,7891,2012-08-06 04:30:00,2013-01-17 13:30:00
ID_256,test,7892,2013-01-17 14:00:00,2013-06-30 23:30:00
ID_256,train,36825,2010-07-01 00:00:00,2012-08-06 04:00:00
ID_256,val,7891,2012-08-06 04:30:00,2013-01-17 13:30:00
ID_257,test,7892,2013-01-17 14:00:00,2013-06-30 23:30:00
ID_257,train,36825,2010-07-01 00:00:00,2012-08-06 04:00:00
ID_257,val,7891,2012-08-06 04:30:00,2013-01-17 13:30:00
ID_258,test,7892,2013-01-17 14:00:00,2013-06-30 23:30:00
ID_258,train,36825,2010-07-01 00:00:00,2012-08-06 04:00:00
ID_258,val,7891,2012-08-06 04:30:00,2013-01-17 13:30:00
ID_259,test,7892,2013-01-17 14:00:00,2013-06-30 23:30:00
ID_259,train,36825,2010-07-01 00:00:00,2012-08-06 04:00:00
ID_259,val,7891,2012-08-06 04:30:00,2013-01-17 13:30:00
ID_26,test,7892,2013-01-17 14:00:00,2013-06-30 23:30:00
ID_26,train,36825,2010-07-01 00:00:00,2012-08-06 04:00:00
ID_26,val,7891,2012-08-06 04:30:00,2013-01-17 13:30:00
ID_260,test,7892,2013-01-17 14:00:00,2013-06-30 23:30:00
ID_260,train,36825,2010-07-01 00:00:00,2012-08-06 04:00:00
ID_260,val,7891,2012-08-06 04:30:00,2013-01-17 13:30:00
ID_261,test,7892,2013-01-17 14:00:00,2013-06-30 23:30:00
ID_261,train,36825,2010-07-01 00:00:00,2012-08-06 04:00:00
ID_261,val,7891,2012-08-06 04:30:00,2013-01-17 13:30:00
ID_262,test,7892,2013-01-17 14:00:00,2013-06-30 23:30:00
ID_262,train,36825,2010-07-01 00:00:00,2012-08-06 04:00:00
ID_262,val,7891,2012-08-06 04:30:00,2013-01-17 13:30:00
ID_263,test,7892,2013-01-17 14:00:00,2013-06-30 23:30:00
ID_263,train,36825,2010-07-01 00:00:00,2012-08-06 04:00:00
ID_263,val,7891,2012-08-06 04:30:00,2013-01-17 13:30:00
ID_264,test,7892,2013-01-17 14:00:00,2013-06-30 23:30:00
ID_264,train,36825,2010-07-01 00:00:00,2012-08-06 04:00:00
ID_264,val,7891,2012-08-06 04:30:00,2013-01-17 13:30:00
ID_265,test,7892,2013-01-17 14:00:00,2013-06-30 23:30:00
ID_265,train,36825,2010-07-01 00:00:00,2012-08-06 04:00:00
ID_265,val,7891,2012-08-06 04:30:00,2013-01-17 13:30:00
ID_266,test,7892,2013-01-17 14:00:00,2013-06-30 23:30:00
ID_266,train,36825,2010-07-01 00:00:00,2012-08-06 04:00:00
ID_266,val,7891,2012-08-06 04:30:00,2013-01-17 13:30:00
ID_267,test,7892,2013-01-17 14:00:00,2013-06-30 23:30:00
ID_267,train,36825,2010-07-01 00:00:00,2012-08-06 04:00:00
ID_267,val,7891,2012-08-06 04:30:00,2013-01-17 13:30:00
ID_268,test,7892,2013-01-17 14:00:00,2013-06-30 23:30:00
ID_268,train,36825,2010-07-01 00:00:00,2012-08-06 04:00:00
ID_268,val,7891,2012-08-06 04:30:00,2013-01-17 13:30:00
ID_269,test,7892,2013-01-17 14:00:00,2013-06-30 23:30:00
ID_269,train,36825,2010-07-01 00:00:00,2012-08-06 04:00:00
ID_269,val,7891,2012-08-06 04:30:00,2013-01-17 13:30:00
ID_27,test,7892,2013-01-17 14:00:00,2013-06-30 23:30:00
ID_27,train,36825,2010-07-01 00:00:00,2012-08-06 04:00:00
ID_27,val,7891,2012-08-06 04:30:00,2013-01-17 13:30:00
ID_270,test,7892,2013-01-17 14:00:00,2013-06-30 23:30:00
ID_270,train,36825,2010-07-01 00:00:00,2012-08-06 04:00:00
ID_270,val,7891,2012-08-06 04:30:00,2013-01-17 13:30:00
ID_271,test,7892,2013-01-17 14:00:00,2013-06-30 23:30:00
ID_271,train,36825,2010-07-01 00:00:00,2012-08-06 04:00:00
ID_271,val,7891,2012-08-06 04:30:00,2013-01-17 13:30:00
ID_272,test,7892,2013-01-17 14:00:00,2013-06-30 23:30:00
ID_272,train,36825,2010-07-01 00:00:00,2012-08-06 04:00:00
ID_272,val,7891,2012-08-06 04:30:00,2013-01-17 13:30:00
ID_273,test,7892,2013-01-17 14:00:00,2013-06-30 23:30:00
ID_273,train,36825,2010-07-01 00:00:00,2012-08-06 04:00:00
ID_273,val,7891,2012-08-06 04:30:00,2013-01-17 13:30:00
ID_274,test,7892,2013-01-17 14:00:00,2013-06-30 23:30:00
ID_274,train,36825,2010-07-01 00:00:00,2012-08-06 04:00:00
ID_274,val,7891,2012-08-06 04:30:00,2013-01-17 13:30:00
ID_275,test,7892,2013-01-17 14:00:00,2013-06-30 23:30:00
ID_275,train,36825,2010-07-01 00:00:00,2012-08-06 04:00:00
ID_275,val,7891,2012-08-06 04:30:00,2013-01-17 13:30:00
ID_276,test,7892,2013-01-17 14:00:00,2013-06-30 23:30:00
ID_276,train,36825,2010-07-01 00:00:00,2012-08-06 04:00:00
ID_276,val,7891,2012-08-06 04:30:00,2013-01-17 13:30:00
ID_277,test,7892,2013-01-17 14:00:00,2013-06-30 23:30:00
ID_277,train,36825,2010-07-01 00:00:00,2012-08-06 04:00:00
ID_277,val,7891,2012-08-06 04:30:00,2013-01-17 13:30:00
ID_278,test,7892,2013-01-17 14:00:00,2013-06-30 23:30:00
ID_278,train,36825,2010-07-01 00:00:00,2012-08-06 04:00:00
ID_278,val,7891,2012-08-06 04:30:00,2013-01-17 13:30:00
ID_279,test,7892,2013-01-17 14:00:00,2013-06-30 23:30:00
ID_279,train,36825,2010-07-01 00:00:00,2012-08-06 04:00:00
ID_279,val,7891,2012-08-06 04:30:00,2013-01-17 13:30:00
ID_28,test,7892,2013-01-17 14:00:00,2013-06-30 23:30:00
ID_28,train,36825,2010-07-01 00:00:00,2012-08-06 04:00:00
ID_28,val,7891,2012-08-06 04:30:00,2013-01-17 13:30:00
ID_280,test,7892,2013-01-17 14:00:00,2013-06-30 23:30:00
ID_280,train,36825,2010-07-01 00:00:00,2012-08-06 04:00:00
ID_280,val,7891,2012-08-06 04:30:00,2013-01-17 13:30:00
ID_281,test,7892,2013-01-17 14:00:00,2013-06-30 23:30:00
ID_281,train,36825,2010-07-01 00:00:00,2012-08-06 04:00:00
ID_281,val,7891,2012-08-06 04:30:00,2013-01-17 13:30:00
ID_282,test,7892,2013-01-17 14:00:00,2013-06-30 23:30:00
ID_282,train,36825,2010-07-01 00:00:00,2012-08-06 04:00:00
ID_282,val,7891,2012-08-06 04:30:00,2013-01-17 13:30:00
ID_283,test,7892,2013-01-17 14:00:00,2013-06-30 23:30:00
ID_283,train,36825,2010-07-01 00:00:00,2012-08-06 04:00:00
ID_283,val,7891,2012-08-06 04:30:00,2013-01-17 13:30:00
ID_284,test,7892,2013-01-17 14:00:00,2013-06-30 23:30:00
ID_284,train,36825,2010-07-01 00:00:00,2012-08-06 04:00:00
ID_284,val,7891,2012-08-06 04:30:00,2013-01-17 13:30:00
ID_285,test,7892,2013-01-17 14:00:00,2013-06-30 23:30:00
ID_285,train,36825,2010-07-01 00:00:00,2012-08-06 04:00:00
ID_285,val,7891,2012-08-06 04:30:00,2013-01-17 13:30:00
ID_286,test,7892,2013-01-17 14:00:00,2013-06-30 23:30:00
ID_286,train,36825,2010-07-01 00:00:00,2012-08-06 04:00:00
ID_286,val,7891,2012-08-06 04:30:00,2013-01-17 13:30:00
ID_287,test,7892,2013-01-17 14:00:00,2013-06-30 23:30:00
ID_287,train,36825,2010-07-01 00:00:00,2012-08-06 04:00:00
ID_287,val,7891,2012-08-06 04:30:00,2013-01-17 13:30:00
ID_288,test,7892,2013-01-17 14:00:00,2013-06-30 23:30:00
ID_288,train,36825,2010-07-01 00:00:00,2012-08-06 04:00:00
ID_288,val,7891,2012-08-06 04:30:00,2013-01-17 13:30:00
ID_289,test,7892,2013-01-17 14:00:00,2013-06-30 23:30:00
ID_289,train,36825,2010-07-01 00:00:00,2012-08-06 04:00:00
ID_289,val,7891,2012-08-06 04:30:00,2013-01-17 13:30:00
ID_29,test,7892,2013-01-17 14:00:00,2013-06-30 23:30:00
ID_29,train,36825,2010-07-01 00:00:00,2012-08-06 04:00:00
ID_29,val,7891,2012-08-06 04:30:00,2013-01-17 13:30:00
ID_290,test,7892,2013-01-17 14:00:00,2013-06-30 23:30:00
ID_290,train,36825,2010-07-01 00:00:00,2012-08-06 04:00:00
ID_290,val,7891,2012-08-06 04:30:00,2013-01-17 13:30:00
ID_291,test,7892,2013-01-17 14:00:00,2013-06-30 23:30:00
ID_291,train,36825,2010-07-01 00:00:00,2012-08-06 04:00:00
ID_291,val,7891,2012-08-06 04:30:00,2013-01-17 13:30:00
ID_292,test,7892,2013-01-17 14:00:00,2013-06-30 23:30:00
ID_292,train,36825,2010-07-01 00:00:00,2012-08-06 04:00:00
ID_292,val,7891,2012-08-06 04:30:00,2013-01-17 13:30:00
ID_293,test,7892,2013-01-17 14:00:00,2013-06-30 23:30:00
ID_293,train,36825,2010-07-01 00:00:00,2012-08-06 04:00:00
ID_293,val,7891,2012-08-06 04:30:00,2013-01-17 13:30:00
ID_294,test,7892,2013-01-17 14:00:00,2013-06-30 23:30:00
ID_294,train,36825,2010-07-01 00:00:00,2012-08-06 04:00:00
ID_294,val,7891,2012-08-06 04:30:00,2013-01-17 13:30:00
ID_295,test,7892,2013-01-17 14:00:00,2013-06-30 23:30:00
ID_295,train,36825,2010-07-01 00:00:00,2012-08-06 04:00:00
ID_295,val,7891,2012-08-06 04:30:00,2013-01-17 13:30:00
ID_296,test,7892,2013-01-17 14:00:00,2013-06-30 23:30:00
ID_296,train,36825,2010-07-01 00:00:00,2012-08-06 04:00:00
ID_296,val,7891,2012-08-06 04:30:00,2013-01-17 13:30:00
ID_297,test,7892,2013-01-17 14:00:00,2013-06-30 23:30:00
ID_297,train,36825,2010-07-01 00:00:00,2012-08-06 04:00:00
ID_297,val,7891,2012-08-06 04:30:00,2013-01-17 13:30:00
ID_298,test,7892,2013-01-17 14:00:00,2013-06-30 23:30:00
ID_298,train,36825,2010-07-01 00:00:00,2012-08-06 04:00:00
ID_298,val,7891,2012-08-06 04:30:00,2013-01-17 13:30:00
ID_299,test,7892,2013-01-17 14:00:00,2013-06-30 23:30:00
ID_299,train,36825,2010-07-01 00:00:00,2012-08-06 04:00:00
ID_299,val,7891,2012-08-06 04:30:00,2013-01-17 13:30:00
ID_3,test,7892,2013-01-17 14:00:00,2013-06-30 23:30:00
ID_3,train,36825,2010-07-01 00:00:00,2012-08-06 04:00:00
ID_3,val,7891,2012-08-06 04:30:00,2013-01-17 13:30:00
ID_30,test,7892,2013-01-17 14:00:00,2013-06-30 23:30:00
ID_30,train,36825,2010-07-01 00:00:00,2012-08-06 04:00:00
ID_30,val,7891,2012-08-06 04:30:00,2013-01-17 13:30:00
ID_300,test,7892,2013-01-17 14:00:00,2013-06-30 23:30:00
ID_300,train,36825,2010-07-01 00:00:00,2012-08-06 04:00:00
ID_300,val,7891,2012-08-06 04:30:00,2013-01-17 13:30:00
ID_31,test,7892,2013-01-17 14:00:00,2013-06-30 23:30:00
ID_31,train,36825,2010-07-01 00:00:00,2012-08-06 04:00:00
ID_31,val,7891,2012-08-06 04:30:00,2013-01-17 13:30:00
ID_32,test,7892,2013-01-17 14:00:00,2013-06-30 23:30:00
ID_32,train,36825,2010-07-01 00:00:00,2012-08-06 04:00:00
ID_32,val,7891,2012-08-06 04:30:00,2013-01-17 13:30:00
ID_33,test,7892,2013-01-17 14:00:00,2013-06-30 23:30:00
ID_33,train,36825,2010-07-01 00:00:00,2012-08-06 04:00:00
ID_33,val,7891,2012-08-06 04:30:00,2013-01-17 13:30:00
ID_34,test,7892,2013-01-17 14:00:00,2013-06-30 23:30:00
ID_34,train,36825,2010-07-01 00:00:00,2012-08-06 04:00:00
ID_34,val,7891,2012-08-06 04:30:00,2013-01-17 13:30:00
ID_35,test,7892,2013-01-17 14:00:00,2013-06-30 23:30:00
ID_35,train,36825,2010-07-01 00:00:00,2012-08-06 04:00:00
ID_35,val,7891,2012-08-06 04:30:00,2013-01-17 13:30:00
ID_36,test,7892,2013-01-17 14:00:00,2013-06-30 23:30:00
ID_36,train,36825,2010-07-01 00:00:00,2012-08-06 04:00:00
ID_36,val,7891,2012-08-06 04:30:00,2013-01-17 13:30:00
ID_37,test,7892,2013-01-17 14:00:00,2013-06-30 23:30:00
ID_37,train,36825,2010-07-01 00:00:00,2012-08-06 04:00:00
ID_37,val,7891,2012-08-06 04:30:00,2013-01-17 13:30:00
ID_38,test,7892,2013-01-17 14:00:00,2013-06-30 23:30:00
ID_38,train,36825,2010-07-01 00:00:00,2012-08-06 04:00:00
ID_38,val,7891,2012-08-06 04:30:00,2013-01-17 13:30:00
ID_39,test,7892,2013-01-17 14:00:00,2013-06-30 23:30:00
ID_39,train,36825,2010-07-01 00:00:00,2012-08-06 04:00:00
ID_39,val,7891,2012-08-06 04:30:00,2013-01-17 13:30:00
ID_4,test,7892,2013-01-17 14:00:00,2013-06-30 23:30:00
ID_4,train,36825,2010-07-01 00:00:00,2012-08-06 04:00:00
ID_4,val,7891,2012-08-06 04:30:00,2013-01-17 13:30:00
ID_40,test,7892,2013-01-17 14:00:00,2013-06-30 23:30:00
ID_40,train,36825,2010-07-01 00:00:00,2012-08-06 04:00:00
ID_40,val,7891,2012-08-06 04:30:00,2013-01-17 13:30:00
ID_41,test,7892,2013-01-17 14:00:00,2013-06-30 23:30:00
ID_41,train,36825,2010-07-01 00:00:00,2012-08-06 04:00:00
ID_41,val,7891,2012-08-06 04:30:00,2013-01-17 13:30:00
ID_42,test,7892,2013-01-17 14:00:00,2013-06-30 23:30:00
ID_42,train,36825,2010-07-01 00:00:00,2012-08-06 04:00:00
ID_42,val,7891,2012-08-06 04:30:00,2013-01-17 13:30:00
ID_43,test,7892,2013-01-17 14:00:00,2013-06-30 23:30:00
ID_43,train,36825,2010-07-01 00:00:00,2012-08-06 04:00:00
ID_43,val,7891,2012-08-06 04:30:00,2013-01-17 13:30:00
ID_44,test,7892,2013-01-17 14:00:00,2013-06-30 23:30:00
ID_44,train,36825,2010-07-01 00:00:00,2012-08-06 04:00:00
ID_44,val,7891,2012-08-06 04:30:00,2013-01-17 13:30:00
ID_45,test,7892,2013-01-17 14:00:00,2013-06-30 23:30:00
ID_45,train,36825,2010-07-01 00:00:00,2012-08-06 04:00:00
ID_45,val,7891,2012-08-06 04:30:00,2013-01-17 13:30:00
ID_46,test,7892,2013-01-17 14:00:00,2013-06-30 23:30:00
ID_46,train,36825,2010-07-01 00:00:00,2012-08-06 04:00:00
ID_46,val,7891,2012-08-06 04:30:00,2013-01-17 13:30:00
ID_47,test,7892,2013-01-17 14:00:00,2013-06-30 23:30:00
ID_47,train,36825,2010-07-01 00:00:00,2012-08-06 04:00:00
ID_47,val,7891,2012-08-06 04:30:00,2013-01-17 13:30:00
ID_48,test,7892,2013-01-17 14:00:00,2013-06-30 23:30:00
ID_48,train,36825,2010-07-01 00:00:00,2012-08-06 04:00:00
ID_48,val,7891,2012-08-06 04:30:00,2013-01-17 13:30:00
ID_49,test,7892,2013-01-17 14:00:00,2013-06-30 23:30:00
ID_49,train,36825,2010-07-01 00:00:00,2012-08-06 04:00:00
ID_49,val,7891,2012-08-06 04:30:00,2013-01-17 13:30:00
ID_5,test,7892,2013-01-17 14:00:00,2013-06-30 23:30:00
ID_5,train,36825,2010-07-01 00:00:00,2012-08-06 04:00:00
ID_5,val,7891,2012-08-06 04:30:00,2013-01-17 13:30:00
ID_50,test,7892,2013-01-17 14:00:00,2013-06-30 23:30:00
ID_50,train,36825,2010-07-01 00:00:00,2012-08-06 04:00:00
ID_50,val,7891,2012-08-06 04:30:00,2013-01-17 13:30:00
ID_51,test,7892,2013-01-17 14:00:00,2013-06-30 23:30:00
ID_51,train,36825,2010-07-01 00:00:00,2012-08-06 04:00:00
ID_51,val,7891,2012-08-06 04:30:00,2013-01-17 13:30:00
ID_52,test,7892,2013-01-17 14:00:00,2013-06-30 23:30:00
ID_52,train,36825,2010-07-01 00:00:00,2012-08-06 04:00:00
ID_52,val,7891,2012-08-06 04:30:00,2013-01-17 13:30:00
ID_53,test,7892,2013-01-17 14:00:00,2013-06-30 23:30:00
ID_53,train,36825,2010-07-01 00:00:00,2012-08-06 04:00:00
ID_53,val,7891,2012-08-06 04:30:00,2013-01-17 13:30:00
ID_54,test,7892,2013-01-17 14:00:00,2013-06-30 23:30:00
ID_54,train,36825,2010-07-01 00:00:00,2012-08-06 04:00:00
ID_54,val,7891,2012-08-06 04:30:00,2013-01-17 13:30:00
ID_55,test,7892,2013-01-17 14:00:00,2013-06-30 23:30:00
ID_55,train,36825,2010-07-01 00:00:00,2012-08-06 04:00:00
ID_55,val,7891,2012-08-06 04:30:00,2013-01-17 13:30:00
ID_56,test,7892,2013-01-17 14:00:00,2013-06-30 23:30:00
ID_56,train,36825,2010-07-01 00:00:00,2012-08-06 04:00:00
ID_56,val,7891,2012-08-06 04:30:00,2013-01-17 13:30:00
ID_57,test,7892,2013-01-17 14:00:00,2013-06-30 23:30:00
ID_57,train,36825,2010-07-01 00:00:00,2012-08-06 04:00:00
ID_57,val,7891,2012-08-06 04:30:00,2013-01-17 13:30:00
ID_58,test,7892,2013-01-17 14:00:00,2013-06-30 23:30:00
ID_58,train,36825,2010-07-01 00:00:00,2012-08-06 04:00:00
ID_58,val,7891,2012-08-06 04:30:00,2013-01-17 13:30:00
ID_59,test,7892,2013-01-17 14:00:00,2013-06-30 23:30:00
ID_59,train,36825,2010-07-01 00:00:00,2012-08-06 04:00:00
ID_59,val,7891,2012-08-06 04:30:00,2013-01-17 13:30:00
ID_6,test,7892,2013-01-17 14:00:00,2013-06-30 23:30:00
ID_6,train,36825,2010-07-01 00:00:00,2012-08-06 04:00:00
ID_6,val,7891,2012-08-06 04:30:00,2013-01-17 13:30:00
ID_60,test,7892,2013-01-17 14:00:00,2013-06-30 23:30:00
ID_60,train,36825,2010-07-01 00:00:00,2012-08-06 04:00:00
ID_60,val,7891,2012-08-06 04:30:00,2013-01-17 13:30:00
ID_61,test,7892,2013-01-17 14:00:00,2013-06-30 23:30:00
ID_61,train,36825,2010-07-01 00:00:00,2012-08-06 04:00:00
ID_61,val,7891,2012-08-06 04:30:00,2013-01-17 13:30:00
ID_62,test,7892,2013-01-17 14:00:00,2013-06-30 23:30:00
ID_62,train,36825,2010-07-01 00:00:00,2012-08-06 04:00:00
ID_62,val,7891,2012-08-06 04:30:00,2013-01-17 13:30:00
ID_63,test,7892,2013-01-17 14:00:00,2013-06-30 23:30:00
ID_63,train,36825,2010-07-01 00:00:00,2012-08-06 04:00:00
ID_63,val,7891,2012-08-06 04:30:00,2013-01-17 13:30:00
ID_64,test,7892,2013-01-17 14:00:00,2013-06-30 23:30:00
ID_64,train,36825,2010-07-01 00:00:00,2012-08-06 04:00:00
ID_64,val,7891,2012-08-06 04:30:00,2013-01-17 13:30:00
ID_65,test,7892,2013-01-17 14:00:00,2013-06-30 23:30:00
ID_65,train,36825,2010-07-01 00:00:00,2012-08-06 04:00:00
ID_65,val,7891,2012-08-06 04:30:00,2013-01-17 13:30:00
ID_66,test,7892,2013-01-17 14:00:00,2013-06-30 23:30:00
ID_66,train,36825,2010-07-01 00:00:00,2012-08-06 04:00:00
ID_66,val,7891,2012-08-06 04:30:00,2013-01-17 13:30:00
ID_67,test,7892,2013-01-17 14:00:00,2013-06-30 23:30:00
ID_67,train,36825,2010-07-01 00:00:00,2012-08-06 04:00:00
ID_67,val,7891,2012-08-06 04:30:00,2013-01-17 13:30:00
ID_68,test,7892,2013-01-17 14:00:00,2013-06-30 23:30:00
ID_68,train,36825,2010-07-01 00:00:00,2012-08-06 04:00:00
ID_68,val,7891,2012-08-06 04:30:00,2013-01-17 13:30:00
ID_69,test,7892,2013-01-17 14:00:00,2013-06-30 23:30:00
ID_69,train,36825,2010-07-01 00:00:00,2012-08-06 04:00:00
ID_69,val,7891,2012-08-06 04:30:00,2013-01-17 13:30:00
ID_7,test,7892,2013-01-17 14:00:00,2013-06-30 23:30:00
ID_7,train,36825,2010-07-01 00:00:00,2012-08-06 04:00:00
ID_7,val,7891,2012-08-06 04:30:00,2013-01-17 13:30:00
ID_70,test,7892,2013-01-17 14:00:00,2013-06-30 23:30:00
ID_70,train,36825,2010-07-01 00:00:00,2012-08-06 04:00:00
ID_70,val,7891,2012-08-06 04:30:00,2013-01-17 13:30:00
ID_71,test,7892,2013-01-17 14:00:00,2013-06-30 23:30:00
ID_71,train,36825,2010-07-01 00:00:00,2012-08-06 04:00:00
ID_71,val,7891,2012-08-06 04:30:00,2013-01-17 13:30:00
ID_72,test,7892,2013-01-17 14:00:00,2013-06-30 23:30:00
ID_72,train,36825,2010-07-01 00:00:00,2012-08-06 04:00:00
ID_72,val,7891,2012-08-06 04:30:00,2013-01-17 13:30:00
ID_73,test,7892,2013-01-17 14:00:00,2013-06-30 23:30:00
ID_73,train,36825,2010-07-01 00:00:00,2012-08-06 04:00:00
ID_73,val,7891,2012-08-06 04:30:00,2013-01-17 13:30:00
ID_74,test,7892,2013-01-17 14:00:00,2013-06-30 23:30:00
ID_74,train,36825,2010-07-01 00:00:00,2012-08-06 04:00:00
ID_74,val,7891,2012-08-06 04:30:00,2013-01-17 13:30:00
ID_75,test,7892,2013-01-17 14:00:00,2013-06-30 23:30:00
ID_75,train,36825,2010-07-01 00:00:00,2012-08-06 04:00:00
ID_75,val,7891,2012-08-06 04:30:00,2013-01-17 13:30:00
ID_76,test,7892,2013-01-17 14:00:00,2013-06-30 23:30:00
ID_76,train,36825,2010-07-01 00:00:00,2012-08-06 04:00:00
ID_76,val,7891,2012-08-06 04:30:00,2013-01-17 13:30:00
ID_77,test,7892,2013-01-17 14:00:00,2013-06-30 23:30:00
ID_77,train,36825,2010-07-01 00:00:00,2012-08-06 04:00:00
ID_77,val,7891,2012-08-06 04:30:00,2013-01-17 13:30:00
ID_78,test,7892,2013-01-17 14:00:00,2013-06-30 23:30:00
ID_78,train,36825,2010-07-01 00:00:00,2012-08-06 04:00:00
ID_78,val,7891,2012-08-06 04:30:00,2013-01-17 13:30:00
ID_79,test,7892,2013-01-17 14:00:00,2013-06-30 23:30:00
ID_79,train,36825,2010-07-01 00:00:00,2012-08-06 04:00:00
ID_79,val,7891,2012-08-06 04:30:00,2013-01-17 13:30:00
ID_8,test,7892,2013-01-17 14:00:00,2013-06-30 23:30:00
ID_8,train,36825,2010-07-01 00:00:00,2012-08-06 04:00:00
ID_8,val,7891,2012-08-06 04:30:00,2013-01-17 13:30:00
ID_80,test,7892,2013-01-17 14:00:00,2013-06-30 23:30:00
ID_80,train,36825,2010-07-01 00:00:00,2012-08-06 04:00:00
ID_80,val,7891,2012-08-06 04:30:00,2013-01-17 13:30:00
ID_81,test,7892,2013-01-17 14:00:00,2013-06-30 23:30:00
ID_81,train,36825,2010-07-01 00:00:00,2012-08-06 04:00:00
ID_81,val,7891,2012-08-06 04:30:00,2013-01-17 13:30:00
ID_82,test,7892,2013-01-17 14:00:00,2013-06-30 23:30:00
ID_82,train,36825,2010-07-01 00:00:00,2012-08-06 04:00:00
ID_82,val,7891,2012-08-06 04:30:00,2013-01-17 13:30:00
ID_83,test,7892,2013-01-17 14:00:00,2013-06-30 23:30:00
ID_83,train,36825,2010-07-01 00:00:00,2012-08-06 04:00:00
ID_83,val,7891,2012-08-06 04:30:00,2013-01-17 13:30:00
ID_84,test,7892,2013-01-17 14:00:00,2013-06-30 23:30:00
ID_84,train,36825,2010-07-01 00:00:00,2012-08-06 04:00:00
ID_84,val,7891,2012-08-06 04:30:00,2013-01-17 13:30:00
ID_85,test,7892,2013-01-17 14:00:00,2013-06-30 23:30:00
ID_85,train,36825,2010-07-01 00:00:00,2012-08-06 04:00:00
ID_85,val,7891,2012-08-06 04:30:00,2013-01-17 13:30:00
ID_86,test,7892,2013-01-17 14:00:00,2013-06-30 23:30:00
ID_86,train,36825,2010-07-01 00:00:00,2012-08-06 04:00:00
ID_86,val,7891,2012-08-06 04:30:00,2013-01-17 13:30:00
ID_87,test,7892,2013-01-17 14:00:00,2013-06-30 23:30:00
ID_87,train,36825,2010-07-01 00:00:00,2012-08-06 04:00:00
ID_87,val,7891,2012-08-06 04:30:00,2013-01-17 13:30:00
ID_88,test,7892,2013-01-17 14:00:00,2013-06-30 23:30:00
ID_88,train,36825,2010-07-01 00:00:00,2012-08-06 04:00:00
ID_88,val,7891,2012-08-06 04:30:00,2013-01-17 13:30:00
ID_89,test,7892,2013-01-17 14:00:00,2013-06-30 23:30:00
ID_89,train,36825,2010-07-01 00:00:00,2012-08-06 04:00:00
ID_89,val,7891,2012-08-06 04:30:00,2013-01-17 13:30:00
ID_9,test,7892,2013-01-17 14:00:00,2013-06-30 23:30:00
ID_9,train,36825,2010-07-01 00:00:00,2012-08-06 04:00:00
ID_9,val,7891,2012-08-06 04:30:00,2013-01-17 13:30:00
ID_90,test,7892,2013-01-17 14:00:00,2013-06-30 23:30:00
ID_90,train,36825,2010-07-01 00:00:00,2012-08-06 04:00:00
ID_90,val,7891,2012-08-06 04:30:00,2013-01-17 13:30:00
ID_91,test,7892,2013-01-17 14:00:00,2013-06-30 23:30:00
ID_91,train,36825,2010-07-01 00:00:00,2012-08-06 04:00:00
ID_91,val,7891,2012-08-06 04:30:00,2013-01-17 13:30:00
ID_92,test,7892,2013-01-17 14:00:00,2013-06-30 23:30:00
ID_92,train,36825,2010-07-01 00:00:00,2012-08-06 04:00:00
ID_92,val,7891,2012-08-06 04:30:00,2013-01-17 13:30:00
ID_93,test,7892,2013-01-17 14:00:00,2013-06-30 23:30:00
ID_93,train,36825,2010-07-01 00:00:00,2012-08-06 04:00:00
ID_93,val,7891,2012-08-06 04:30:00,2013-01-17 13:30:00
ID_94,test,7892,2013-01-17 14:00:00,2013-06-30 23:30:00
ID_94,train,36825,2010-07-01 00:00:00,2012-08-06 04:00:00
ID_94,val,7891,2012-08-06 04:30:00,2013-01-17 13:30:00
ID_95,test,7892,2013-01-17 14:00:00,2013-06-30 23:30:00
ID_95,train,36825,2010-07-01 00:00:00,2012-08-06 04:00:00
ID_95,val,7891,2012-08-06 04:30:00,2013-01-17 13:30:00
ID_96,test,7892,2013-01-17 14:00:00,2013-06-30 23:30:00
ID_96,train,36825,2010-07-01 00:00:00,2012-08-06 04:00:00
ID_96,val,7891,2012-08-06 04:30:00,2013-01-17 13:30:00
ID_97,test,7892,2013-01-17 14:00:00,2013-06-30 23:30:00
ID_97,train,36825,2010-07-01 00:00:00,2012-08-06 04:00:00
ID_97,val,7891,2012-08-06 04:30:00,2013-01-17 13:30:00
ID_98,test,7892,2013-01-17 14:00:00,2013-06-30 23:30:00
ID_98,train,36825,2010-07-01 00:00:00,2012-08-06 04:00:00
ID_98,val,7891,2012-08-06 04:30:00,2013-01-17 13:30:00
ID_99,test,7892,2013-01-17 14:00:00,2013-06-30 23:30:00
ID_99,train,36825,2010-07-01 00:00:00,2012-08-06 04:00:00
ID_99,val,7891,2012-08-06 04:30:00,2013-01-17 13:30:00
